reason_type1,reason_type2,reason_type3,reason_type4,Month of absence,Day of the week,Seasons,Transportation expense,Distance from Residence to Work,Service time,Age,Work load Average/day ,Hit target,Disciplinary failure,Education,Son,Social drinker,Social smoker,Pet,Weight,Height,Body mass index,Absenteeism time in hours
0,0,0,1,7,3,1,289,36,13,33,239554.00,97,0,0,2,1,0,1,90,172,30,4
0,0,0,0,7,3,1,118,13,18,50,239554.00,97,1,0,1,1,0,0,98,178,31,0
0,0,0,1,7,4,1,179,51,18,38,239554.00,97,0,0,0,1,0,0,89,170,31,2
1,0,0,0,7,5,1,279,5,14,39,239554.00,97,0,0,2,1,1,0,68,168,24,4
0,0,0,1,7,5,1,289,36,13,33,239554.00,97,0,0,2,1,0,1,90,172,30,2
0,0,0,1,7,6,1,179,51,18,38,239554.00,97,0,0,0,1,0,0,89,170,31,2
0,0,0,1,7,6,1,361,52,3,28,239554.00,97,0,0,1,1,0,4,80,172,27,8
0,0,0,1,7,6,1,260,50,11,36,239554.00,97,0,0,4,1,0,0,65,168,23,4
0,0,1,0,7,2,1,155,12,14,34,239554.00,97,0,0,2,1,0,0,95,196,25,40
0,0,0,1,7,2,1,235,11,14,37,239554.00,97,0,1,1,0,0,1,88,172,29,8
1,0,0,0,7,2,1,260,50,11,36,239554.00,97,0,0,4,1,0,0,65,168,23,8
1,0,0,0,7,3,1,260,50,11,36,239554.00,97,0,0,4,1,0,0,65,168,23,8
1,0,0,0,7,4,1,260,50,11,36,239554.00,97,0,0,4,1,0,0,65,168,23,8
1,0,0,0,7,4,1,179,51,18,38,239554.00,97,0,0,0,1,0,0,89,170,31,1
0,0,0,1,7,4,1,179,51,18,38,239554.00,97,0,0,0,1,0,0,89,170,31,4
1,0,0,0,7,6,1,246,25,16,41,239554.00,97,0,0,0,1,0,0,67,170,23,8
0,0,0,1,7,6,1,179,51,18,38,239554.00,97,0,0,0,1,0,0,89,170,31,2
0,0,1,0,7,2,1,179,51,18,38,239554.00,97,0,0,0,1,0,0,89,170,31,8
1,0,0,0,7,5,1,189,29,13,33,239554.00,97,0,0,2,0,0,2,69,167,25,8
0,0,0,1,8,4,1,248,25,14,47,205917.00,92,0,0,2,0,0,1,86,165,32,2
1,0,0,0,8,4,1,330,16,4,28,205917.00,92,0,1,0,0,0,0,84,182,25,8
1,0,0,0,8,2,1,179,51,18,38,205917.00,92,0,0,0,1,0,0,89,170,31,1
1,0,0,0,8,2,1,361,52,3,28,205917.00,92,0,0,1,1,0,4,80,172,27,40
0,0,0,1,8,6,1,260,50,11,36,205917.00,92,0,0,4,1,0,0,65,168,23,4
0,0,1,0,8,2,1,289,36,13,33,205917.00,92,0,0,2,1,0,1,90,172,30,8
0,0,0,1,8,2,1,361,52,3,28,205917.00,92,0,0,1,1,0,4,80,172,27,7
0,0,0,1,8,3,1,289,36,13,33,205917.00,92,0,0,2,1,0,1,90,172,30,1
0,0,0,1,8,4,1,157,27,6,29,205917.00,92,0,0,0,1,1,0,75,185,22,4
0,0,1,0,8,4,1,289,36,13,33,205917.00,92,0,0,2,1,0,1,90,172,30,8
0,0,0,1,8,6,1,179,51,18,38,205917.00,92,0,0,0,1,0,0,89,170,31,2
0,0,1,0,8,2,1,179,51,18,38,205917.00,92,0,0,0,1,0,0,89,170,31,8
0,0,1,0,8,5,1,235,29,12,48,205917.00,92,0,0,1,0,1,5,88,163,33,8
0,0,0,1,8,5,1,235,11,14,37,205917.00,92,0,1,1,0,0,1,88,172,29,4
0,0,1,0,8,2,1,235,29,12,48,205917.00,92,0,0,1,0,1,5,88,163,33,8
0,0,0,1,8,2,1,179,51,18,38,205917.00,92,0,0,0,1,0,0,89,170,31,2
0,0,0,1,8,2,1,361,52,3,28,205917.00,92,0,0,1,1,0,4,80,172,27,1
0,0,0,1,8,3,1,289,36,13,33,205917.00,92,0,0,2,1,0,1,90,172,30,8
1,0,0,0,8,5,1,291,50,12,32,205917.00,92,0,0,0,1,0,0,65,169,23,4
0,0,0,1,8,6,1,235,29,12,48,205917.00,92,0,0,1,0,1,5,88,163,33,8
0,0,0,1,8,6,1,260,50,11,36,205917.00,92,0,0,4,1,0,0,65,168,23,4
0,0,0,1,9,3,1,184,42,7,27,241476.00,92,0,0,0,0,0,0,58,167,21,2
0,0,0,1,9,2,1,118,10,10,37,241476.00,92,0,0,0,0,0,0,83,172,28,4
0,0,0,1,9,3,1,179,51,18,38,241476.00,92,0,0,0,1,0,0,89,170,31,4
0,0,1,0,9,3,1,235,20,13,43,241476.00,92,0,0,1,1,0,0,106,167,38,8
0,0,0,1,9,4,1,155,12,14,34,241476.00,92,0,0,2,1,0,0,95,196,25,2
0,0,0,1,9,2,1,118,10,10,37,241476.00,92,0,0,0,0,0,0,83,172,28,3
0,0,0,1,9,3,1,179,51,18,38,241476.00,92,0,0,0,1,0,0,89,170,31,3
0,0,0,1,9,5,1,291,31,12,40,241476.00,92,0,0,1,1,0,1,73,171,25,4
0,0,0,1,9,6,1,260,50,11,36,241476.00,92,0,0,4,1,0,0,65,168,23,8
1,0,0,0,9,2,4,291,31,12,40,241476.00,92,0,0,1,1,0,1,73,171,25,32
0,0,0,0,9,2,4,260,50,11,36,241476.00,92,1,0,4,1,0,0,65,168,23,0
0,0,0,0,9,2,4,225,26,9,28,241476.00,92,1,0,1,0,0,2,69,169,24,0
0,0,0,1,9,3,4,225,26,9,28,241476.00,92,0,0,1,0,0,2,69,169,24,2
0,0,0,1,9,3,4,118,10,10,37,241476.00,92,0,0,0,0,0,0,83,172,28,2
0,0,0,0,9,3,4,289,36,13,33,241476.00,92,1,0,2,1,0,1,90,172,30,0
0,0,0,0,9,3,4,118,13,18,50,241476.00,92,1,0,1,1,0,0,98,178,31,0
0,0,1,0,9,4,4,225,26,9,28,241476.00,92,0,0,1,0,0,2,69,169,24,3
0,0,0,1,9,4,4,179,51,18,38,241476.00,92,0,0,0,1,0,0,89,170,31,3
0,0,0,0,9,4,4,369,17,12,31,241476.00,92,1,0,3,1,0,0,70,169,25,0
0,0,0,1,9,6,4,248,25,14,47,241476.00,92,0,0,2,0,0,1,86,165,32,1
0,0,0,1,9,6,4,179,51,18,38,241476.00,92,0,0,0,1,0,0,89,170,31,3
0,0,0,1,9,6,4,260,50,11,36,241476.00,92,0,0,4,1,0,0,65,168,23,4
0,0,0,1,10,3,4,179,51,18,38,253465.00,93,0,0,0,1,0,0,89,170,31,3
0,0,0,1,10,3,4,118,10,10,37,253465.00,93,0,0,0,0,0,0,83,172,28,3
0,0,0,0,10,4,4,118,13,18,50,253465.00,93,1,0,1,1,0,0,98,178,31,0
0,0,0,1,10,5,4,179,26,9,30,253465.00,93,0,1,0,0,0,0,56,171,19,1
0,0,0,1,10,6,4,179,51,18,38,253465.00,93,0,0,0,1,0,0,89,170,31,3
0,0,0,1,10,6,4,225,26,9,28,253465.00,93,0,0,1,0,0,2,69,169,24,3
0,0,0,1,10,3,4,118,10,10,37,253465.00,93,0,0,0,0,0,0,83,172,28,3
0,0,0,1,10,4,4,225,26,9,28,253465.00,93,0,0,1,0,0,2,69,169,24,2
0,0,0,1,10,4,4,248,25,14,47,253465.00,93,0,0,2,0,0,1,86,165,32,2
0,0,0,1,10,5,4,291,31,12,40,253465.00,93,0,0,1,1,0,1,73,171,25,5
0,0,0,1,10,4,4,179,51,18,38,253465.00,93,0,0,0,1,0,0,89,170,31,8
0,0,0,1,10,4,4,225,26,9,28,253465.00,93,0,0,1,0,0,2,69,169,24,3
0,0,1,0,10,5,4,260,50,11,36,253465.00,93,0,0,4,1,0,0,65,168,23,16
1,0,0,0,10,3,4,291,31,12,40,253465.00,93,0,0,1,1,0,1,73,171,25,8
0,0,0,1,10,3,4,225,26,9,28,253465.00,93,0,0,1,0,0,2,69,169,24,2
0,0,0,1,10,4,4,289,36,13,33,253465.00,93,0,0,2,1,0,1,90,172,30,8
0,0,0,1,10,6,4,361,52,3,28,253465.00,93,0,0,1,1,0,4,80,172,27,1
0,0,0,1,10,6,4,260,50,11,36,253465.00,93,0,0,4,1,0,0,65,168,23,3
0,0,0,1,11,5,4,179,51,18,38,306345.00,93,0,0,0,1,0,0,89,170,31,1
0,0,0,1,11,4,4,225,26,9,28,306345.00,93,0,0,1,0,0,2,69,169,24,1
1,0,0,0,11,5,4,179,51,18,38,306345.00,93,0,0,0,1,0,0,89,170,31,8
0,0,1,0,11,5,4,179,22,17,40,306345.00,93,0,1,2,0,1,0,63,170,22,8
0,0,0,1,11,5,4,291,31,12,40,306345.00,93,0,0,1,1,0,1,73,171,25,5
1,0,0,0,11,2,4,155,12,14,34,306345.00,93,0,0,2,1,0,0,95,196,25,32
0,0,0,1,11,2,4,189,29,13,33,306345.00,93,0,0,2,0,0,2,69,167,25,8
1,0,0,0,11,2,4,291,31,12,40,306345.00,93,0,0,1,1,0,1,73,171,25,40
0,0,0,1,11,4,4,225,26,9,28,306345.00,93,0,0,1,0,0,2,69,169,24,1
1,0,0,0,11,6,4,155,12,14,34,306345.00,93,0,0,2,1,0,0,95,196,25,8
0,0,0,1,11,4,4,225,26,9,28,306345.00,93,0,0,1,0,0,2,69,169,24,3
0,0,1,0,11,4,4,179,22,17,40,306345.00,93,0,1,2,0,1,0,63,170,22,8
1,0,0,0,11,6,4,225,26,9,28,306345.00,93,0,0,1,0,0,2,69,169,24,3
0,0,0,1,11,6,4,260,50,11,36,306345.00,93,0,0,4,1,0,0,65,168,23,4
0,0,0,1,11,2,4,248,25,14,47,306345.00,93,0,0,2,0,0,1,86,165,32,1
0,0,0,1,11,3,4,225,26,9,28,306345.00,93,0,0,1,0,0,2,69,169,24,3
1,0,0,0,11,4,4,289,36,13,33,306345.00,93,0,0,2,1,0,1,90,172,30,24
0,0,0,1,11,5,4,291,31,12,40,306345.00,93,0,0,1,1,0,1,73,171,25,3
0,0,0,1,12,3,4,248,25,14,47,261306.00,97,0,0,2,0,0,1,86,165,32,1
0,0,1,0,12,3,4,118,10,10,37,261306.00,97,0,0,0,0,0,0,83,172,28,64
0,0,0,1,12,4,4,118,13,18,50,261306.00,97,0,0,1,1,0,0,98,178,31,2
0,0,0,1,12,4,4,235,11,14,37,261306.00,97,0,1,1,0,0,1,88,172,29,8
0,0,0,1,12,5,4,225,26,9,28,261306.00,97,0,0,1,0,0,2,69,169,24,2
0,0,0,1,12,6,4,260,50,11,36,261306.00,97,0,0,4,1,0,0,65,168,23,8
0,0,1,0,12,3,4,118,10,10,37,261306.00,97,0,0,0,0,0,0,83,172,28,56
0,0,0,1,12,4,4,361,52,3,28,261306.00,97,0,0,1,1,0,4,80,172,27,8
0,0,0,1,12,5,4,225,26,9,28,261306.00,97,0,0,1,0,0,2,69,169,24,3
0,0,0,1,12,6,4,260,50,11,36,261306.00,97,0,0,4,1,0,0,65,168,23,3
0,0,0,1,12,3,4,225,26,9,28,261306.00,97,0,0,1,0,0,2,69,169,24,2
0,0,0,1,12,4,4,361,52,3,28,261306.00,97,0,0,1,1,0,4,80,172,27,8
0,0,0,1,12,6,4,118,10,10,37,261306.00,97,0,0,0,0,0,0,83,172,28,2
0,0,1,0,12,6,2,246,25,16,41,261306.00,97,0,0,0,1,0,0,67,170,23,8
0,0,0,1,12,6,2,225,26,9,28,261306.00,97,0,0,1,0,0,2,69,169,24,2
0,0,0,1,1,4,2,225,26,9,28,308593.00,95,0,0,1,0,0,2,69,169,24,1
0,0,1,0,1,2,2,118,10,10,37,308593.00,95,0,0,0,0,0,0,83,172,28,1
0,0,0,1,1,3,2,118,10,10,37,308593.00,95,0,0,0,0,0,0,83,172,28,1
0,0,1,0,1,3,2,155,12,14,34,308593.00,95,0,0,2,1,0,0,95,196,25,8
0,0,0,1,1,4,2,225,26,9,28,308593.00,95,0,0,1,0,0,2,69,169,24,2
0,0,0,1,1,5,2,184,42,7,27,308593.00,95,0,0,0,0,0,0,58,167,21,2
0,0,0,1,1,5,2,225,26,9,28,308593.00,95,0,0,1,0,0,2,69,169,24,2
0,0,0,1,1,6,2,225,26,9,28,308593.00,95,0,0,1,0,0,2,69,169,24,1
0,0,0,1,1,2,2,118,10,10,37,308593.00,95,0,0,0,0,0,0,83,172,28,2
0,0,0,1,1,3,2,225,26,9,28,308593.00,95,0,0,1,0,0,2,69,169,24,2
0,0,0,1,1,3,2,118,10,10,37,308593.00,95,0,0,0,0,0,0,83,172,28,2
0,0,0,1,1,4,2,118,10,10,37,308593.00,95,0,0,0,0,0,0,83,172,28,2
0,0,0,1,1,5,2,118,10,10,37,308593.00,95,0,0,0,0,0,0,83,172,28,2
0,0,0,1,1,6,2,118,10,10,37,308593.00,95,0,0,0,0,0,0,83,172,28,2
0,0,0,1,1,2,2,118,10,10,37,308593.00,95,0,0,0,0,0,0,83,172,28,2
0,0,0,1,1,3,2,118,10,10,37,308593.00,95,0,0,0,0,0,0,83,172,28,2
0,0,1,0,1,3,2,179,26,9,30,308593.00,95,0,1,0,0,0,0,56,171,19,8
0,0,1,0,1,3,2,289,36,13,33,308593.00,95,0,0,2,1,0,1,90,172,30,8
0,0,0,1,1,4,2,118,10,10,37,308593.00,95,0,0,0,0,0,0,83,172,28,2
0,0,0,1,1,5,2,184,42,7,27,308593.00,95,0,0,0,0,0,0,58,167,21,2
0,0,0,1,1,5,2,118,10,10,37,308593.00,95,0,0,0,0,0,0,83,172,28,2
0,0,0,1,1,2,2,118,10,10,37,308593.00,95,0,0,0,0,0,0,83,172,28,0
0,0,0,1,1,3,2,225,26,9,28,308593.00,95,0,0,1,0,0,2,69,169,24,1
0,0,0,1,1,5,2,289,36,13,33,308593.00,95,0,0,2,1,0,1,90,172,30,3
0,0,0,1,2,6,2,184,42,7,27,302585.00,99,0,0,0,0,0,0,58,167,21,1
1,0,0,0,2,4,2,246,25,16,41,302585.00,99,0,0,0,1,0,0,67,170,23,8
1,0,0,0,2,4,2,179,51,18,38,302585.00,99,0,0,0,1,0,0,89,170,31,8
0,0,0,1,2,5,2,155,12,14,34,302585.00,99,0,0,2,1,0,0,95,196,25,2
0,0,0,1,2,5,2,189,29,13,33,302585.00,99,0,0,2,0,0,2,69,167,25,8
0,0,0,1,2,6,2,260,50,11,36,302585.00,99,0,0,4,1,0,0,65,168,23,2
0,0,0,1,2,6,2,289,36,13,33,302585.00,99,0,0,2,1,0,1,90,172,30,8
1,0,0,0,2,2,2,388,15,9,50,302585.00,99,0,0,0,0,0,0,76,178,24,8
1,0,0,0,2,3,2,388,15,9,50,302585.00,99,0,0,0,0,0,0,76,178,24,8
0,0,0,1,2,2,2,225,26,9,28,302585.00,99,0,0,1,0,0,2,69,169,24,2
0,0,0,1,2,3,2,225,26,9,28,302585.00,99,0,0,1,0,0,2,69,169,24,2
0,0,0,1,2,3,2,179,26,9,30,302585.00,99,0,1,0,0,0,0,56,171,19,1
0,0,0,1,2,3,2,184,42,7,27,302585.00,99,0,0,0,0,0,0,58,167,21,8
0,0,0,1,2,5,2,225,26,9,28,302585.00,99,0,0,1,0,0,2,69,169,24,3
0,0,1,0,2,2,2,330,16,4,28,302585.00,99,0,1,0,0,0,0,84,182,25,8
0,0,0,1,2,3,2,330,16,4,28,302585.00,99,0,1,0,0,0,0,84,182,25,1
0,0,0,1,2,4,2,225,26,9,28,302585.00,99,0,0,1,0,0,2,69,169,24,1
0,0,1,0,2,5,2,189,29,13,33,302585.00,99,0,0,2,0,0,2,69,167,25,8
0,0,0,1,3,3,2,291,50,12,32,343253.00,95,0,0,0,1,0,0,65,169,23,2
0,0,1,0,3,3,2,260,50,11,36,343253.00,95,0,0,4,1,0,0,65,168,23,8
0,0,1,0,3,3,2,157,27,6,29,343253.00,95,0,0,0,1,1,0,75,185,22,3
0,1,0,0,3,3,2,179,22,17,40,343253.00,95,0,1,2,0,1,0,63,170,22,8
0,0,0,1,3,4,2,291,31,12,40,343253.00,95,0,0,1,1,0,1,73,171,25,8
1,0,0,0,3,4,2,260,50,11,36,343253.00,95,0,0,4,1,0,0,65,168,23,8
1,0,0,0,3,5,2,179,26,9,30,343253.00,95,0,1,0,0,0,0,56,171,19,8
1,0,0,0,3,6,2,248,25,14,47,343253.00,95,0,0,2,0,0,1,86,165,32,3
1,0,0,0,3,6,2,260,50,11,36,343253.00,95,0,0,4,1,0,0,65,168,23,40
1,0,0,0,3,2,2,179,22,17,40,343253.00,95,0,1,2,0,1,0,63,170,22,40
1,0,0,0,3,2,2,155,12,14,34,343253.00,95,0,0,2,1,0,0,95,196,25,16
0,0,0,1,3,2,2,260,50,11,36,343253.00,95,0,0,4,1,0,0,65,168,23,16
1,0,0,0,3,3,2,155,12,14,34,343253.00,95,0,0,2,1,0,0,95,196,25,8
1,0,0,0,3,5,2,289,36,13,33,343253.00,95,0,0,2,1,0,1,90,172,30,8
1,0,0,0,3,5,2,179,22,17,40,343253.00,95,0,1,2,0,1,0,63,170,22,8
0,0,0,1,3,6,2,260,50,11,36,343253.00,95,0,0,4,1,0,0,65,168,23,4
0,0,0,1,3,6,2,225,26,9,28,343253.00,95,0,0,1,0,0,2,69,169,24,1
1,0,0,0,3,2,2,279,5,14,39,343253.00,95,0,0,2,1,1,0,68,168,24,8
1,0,0,0,3,3,2,179,51,18,38,343253.00,95,0,0,0,1,0,0,89,170,31,24
0,0,0,1,3,4,2,225,26,9,28,343253.00,95,0,0,1,0,0,2,69,169,24,2
1,0,0,0,3,2,3,225,26,9,28,343253.00,95,0,0,1,0,0,2,69,169,24,8
1,0,0,0,3,2,3,179,26,9,30,343253.00,95,0,1,0,0,0,0,56,171,19,1
1,0,0,0,3,3,3,225,26,9,28,343253.00,95,0,0,1,0,0,2,69,169,24,8
1,0,0,0,3,4,3,225,26,9,28,343253.00,95,0,0,1,0,0,2,69,169,24,16
1,0,0,0,3,4,3,179,51,18,38,343253.00,95,0,0,0,1,0,0,89,170,31,3
1,0,0,0,3,5,3,279,5,14,39,343253.00,95,0,0,2,1,1,0,68,168,24,16
0,0,0,1,3,6,3,225,26,9,28,343253.00,95,0,0,1,0,0,2,69,169,24,2
1,0,0,0,3,6,3,248,25,14,47,343253.00,95,0,0,2,0,0,1,86,165,32,3
0,0,0,1,3,2,3,225,26,9,28,343253.00,95,0,0,1,0,0,2,69,169,24,1
0,0,0,1,4,4,3,291,31,12,40,326452.00,96,0,0,1,1,0,1,73,171,25,1
0,0,0,1,4,4,3,225,26,9,28,326452.00,96,0,0,1,0,0,2,69,169,24,1
0,0,0,1,4,3,3,155,12,14,34,326452.00,96,0,0,2,1,0,0,95,196,25,1
1,0,0,0,4,4,3,246,25,16,41,326452.00,96,0,0,0,1,0,0,67,170,23,24
0,0,0,1,4,5,3,155,12,14,34,326452.00,96,0,0,2,1,0,0,95,196,25,1
0,0,0,1,4,6,3,225,26,9,28,326452.00,96,0,0,1,0,0,2,69,169,24,2
0,0,0,1,4,6,3,260,50,11,36,326452.00,96,0,0,4,1,0,0,65,168,23,4
1,0,0,0,4,4,3,179,51,18,38,326452.00,96,0,0,0,1,0,0,89,170,31,24
0,0,0,1,4,5,3,118,13,18,50,326452.00,96,0,0,1,1,0,0,98,178,31,1
0,0,0,1,4,6,3,291,31,12,40,326452.00,96,0,0,1,1,0,1,73,171,25,3
1,0,0,0,4,6,3,246,25,16,41,326452.00,96,0,0,0,1,0,0,67,170,23,8
0,0,0,1,4,6,3,291,31,12,40,326452.00,96,0,0,1,1,0,1,73,171,25,1
0,0,0,1,4,6,3,248,25,14,47,326452.00,96,0,0,2,0,0,1,86,165,32,8
0,0,1,0,4,6,3,260,50,11,36,326452.00,96,0,0,4,1,0,0,65,168,23,56
0,0,1,0,4,3,3,289,36,13,33,326452.00,96,0,0,2,1,0,1,90,172,30,8
1,0,0,0,4,4,3,155,12,14,34,326452.00,96,0,0,2,1,0,0,95,196,25,24
0,0,1,0,4,4,3,378,49,11,36,326452.00,96,0,0,2,0,1,4,65,174,21,8
1,0,0,0,4,5,3,289,36,13,33,326452.00,96,0,0,2,1,0,1,90,172,30,16
1,0,0,0,4,6,3,235,11,14,37,326452.00,96,0,1,1,0,0,1,88,172,29,3
0,0,0,0,4,2,3,235,29,12,48,326452.00,96,1,0,1,0,1,5,88,163,33,0
1,0,0,0,5,4,3,289,36,13,33,378884.00,92,0,0,2,1,0,1,90,172,30,8
0,0,0,1,5,5,3,155,12,14,34,378884.00,92,0,0,2,1,0,0,95,196,25,2
0,0,0,1,5,2,3,155,12,14,34,378884.00,92,0,0,2,1,0,0,95,196,25,1
0,0,1,0,5,3,3,179,51,18,38,378884.00,92,0,0,0,1,0,0,89,170,31,8
0,0,1,0,5,3,3,225,26,9,28,378884.00,92,0,0,1,0,0,2,69,169,24,8
1,0,0,0,5,4,3,184,42,7,27,378884.00,92,0,0,0,0,0,0,58,167,21,4
0,0,0,1,5,2,3,155,12,14,34,378884.00,92,0,0,2,1,0,0,95,196,25,2
1,0,0,0,5,3,3,179,51,18,38,378884.00,92,0,0,0,1,0,0,89,170,31,1
1,0,0,0,5,4,3,289,36,13,33,378884.00,92,0,0,2,1,0,1,90,172,30,24
0,0,0,0,5,4,3,279,5,14,39,378884.00,92,1,0,2,1,1,0,68,168,24,0
0,0,0,0,5,4,3,330,16,4,28,378884.00,92,1,1,0,0,0,0,84,182,25,0
0,0,0,0,5,4,3,378,49,11,36,378884.00,92,1,0,2,0,1,4,65,174,21,0
0,0,0,0,5,4,3,388,15,9,50,378884.00,92,1,0,0,0,0,0,76,178,24,0
1,0,0,0,5,3,3,179,51,18,38,378884.00,92,0,0,0,1,0,0,89,170,31,1
1,0,0,0,5,4,3,118,13,18,50,378884.00,92,0,0,1,1,0,0,98,178,31,24
0,0,0,1,5,6,3,361,52,3,28,378884.00,92,0,0,1,1,0,4,80,172,27,8
0,0,1,0,6,2,3,246,25,16,41,377550.00,94,0,0,0,1,0,0,67,170,23,8
0,0,0,1,6,2,3,361,52,3,28,377550.00,94,0,0,1,1,0,4,80,172,27,8
1,0,0,0,6,3,3,246,25,16,41,377550.00,94,0,0,0,1,0,0,67,170,23,24
0,0,0,1,6,5,3,291,31,12,40,377550.00,94,0,0,1,1,0,1,73,171,25,4
1,0,0,0,6,6,3,246,25,16,41,377550.00,94,0,0,0,1,0,0,67,170,23,8
1,0,0,0,6,2,3,179,51,18,38,377550.00,94,0,0,0,1,0,0,89,170,31,8
0,0,0,1,6,2,3,155,12,14,34,377550.00,94,0,0,2,1,0,0,95,196,25,4
1,0,0,0,6,2,3,246,25,16,41,377550.00,94,0,0,0,1,0,0,67,170,23,8
1,0,0,0,6,4,3,118,13,18,50,377550.00,94,0,0,1,1,0,0,98,178,31,8
1,0,0,0,6,6,3,235,11,14,37,377550.00,94,0,1,1,0,0,1,88,172,29,16
0,0,0,1,6,3,3,118,13,18,50,377550.00,94,0,0,1,1,0,0,98,178,31,1
1,0,0,0,6,4,3,118,13,18,50,377550.00,94,0,0,1,1,0,0,98,178,31,80
0,0,0,1,6,5,3,378,49,11,36,377550.00,94,0,0,2,0,1,4,65,174,21,8
1,0,0,0,6,6,3,179,51,18,38,377550.00,94,0,0,0,1,0,0,89,170,31,2
0,0,0,1,6,2,1,289,48,29,49,377550.00,94,0,0,0,0,0,2,108,172,36,2
0,0,0,1,6,5,1,225,26,9,28,377550.00,94,0,0,1,0,0,2,69,169,24,2
0,0,1,0,7,3,1,155,12,14,34,275312.00,98,0,0,2,1,0,0,95,196,25,16
1,0,0,0,7,4,1,118,13,18,50,275312.00,98,0,0,1,1,0,0,98,178,31,8
1,0,0,0,7,6,1,118,10,10,37,275312.00,98,0,0,0,0,0,0,83,172,28,8
0,0,0,1,7,6,1,118,10,10,37,275312.00,98,0,0,0,0,0,0,83,172,28,4
0,0,0,1,7,3,1,330,16,4,28,275312.00,98,0,1,0,0,0,0,84,182,25,8
0,0,1,0,7,5,1,179,26,9,30,275312.00,98,0,1,0,0,0,0,56,171,19,8
0,0,0,1,7,6,1,155,12,14,34,275312.00,98,0,0,2,1,0,0,95,196,25,2
1,0,0,0,7,2,1,330,16,4,28,275312.00,98,0,1,0,0,0,0,84,182,25,8
1,0,0,0,7,3,1,330,16,4,28,275312.00,98,0,1,0,0,0,0,84,182,25,8
0,0,0,1,7,2,1,157,27,6,29,275312.00,98,0,0,0,1,1,0,75,185,22,3
0,0,0,1,7,3,1,361,52,3,28,275312.00,98,0,0,1,1,0,4,80,172,27,8
0,0,0,1,7,4,1,289,36,13,33,275312.00,98,0,0,2,1,0,1,90,172,30,8
0,0,0,1,7,5,1,179,51,18,38,275312.00,98,0,0,0,1,0,0,89,170,31,8
0,0,1,0,7,2,1,289,36,13,33,275312.00,98,0,0,2,1,0,1,90,172,30,32
0,0,1,0,7,5,1,289,36,13,33,275312.00,98,0,0,2,1,0,1,90,172,30,8
0,0,0,0,7,5,1,260,50,11,36,275312.00,98,1,0,4,1,0,0,65,168,23,0
0,0,1,0,8,6,1,289,36,13,33,265615.00,94,0,0,2,1,0,1,90,172,30,8
0,0,1,0,8,6,1,157,27,6,29,265615.00,94,0,0,0,1,1,0,75,185,22,3
0,0,0,1,8,2,1,289,36,13,33,265615.00,94,0,0,2,1,0,1,90,172,30,1
0,0,1,0,8,3,1,228,14,16,58,265615.00,94,0,0,2,0,0,1,65,172,22,8
1,0,0,0,8,5,1,300,26,13,43,265615.00,94,0,0,2,1,1,1,77,175,25,1
1,0,0,0,8,5,1,300,26,13,43,265615.00,94,0,0,2,1,1,1,77,175,25,2
0,0,0,1,8,6,1,260,50,11,36,265615.00,94,0,0,4,1,0,0,65,168,23,4
0,0,0,1,8,3,1,289,36,13,33,265615.00,94,0,0,2,1,0,1,90,172,30,4
0,0,0,1,8,4,1,248,25,14,47,265615.00,94,0,0,2,0,0,1,86,165,32,1
1,0,0,0,8,5,1,268,11,8,33,265615.00,94,0,1,0,0,0,0,79,178,25,8
0,0,0,1,8,5,1,179,26,9,30,265615.00,94,0,1,0,0,0,0,56,171,19,1
1,0,0,0,8,5,1,118,13,18,50,265615.00,94,0,0,1,1,0,0,98,178,31,3
0,0,0,1,8,2,1,248,25,14,47,265615.00,94,0,0,2,0,0,1,86,165,32,2
0,0,0,1,8,3,1,235,11,14,37,265615.00,94,0,1,1,0,0,1,88,172,29,1
0,0,0,1,8,5,1,118,13,18,50,265615.00,94,0,0,1,1,0,0,98,178,31,1
0,0,1,0,8,5,1,235,11,14,37,265615.00,94,0,1,1,0,0,1,88,172,29,8
1,0,0,0,8,3,1,361,52,3,28,265615.00,94,0,0,1,1,0,4,80,172,27,8
1,0,0,0,8,4,1,184,42,7,27,265615.00,94,0,0,0,0,0,0,58,167,21,8
1,0,0,0,9,2,1,179,51,18,38,294217.00,81,0,0,0,1,0,0,89,170,31,8
0,0,0,1,9,6,1,179,51,18,38,294217.00,81,0,0,0,1,0,0,89,170,31,3
0,0,1,0,9,4,1,289,36,13,33,294217.00,81,0,0,2,1,0,1,90,172,30,24
0,0,0,0,9,5,1,235,20,13,43,294217.00,81,1,0,1,1,0,0,106,167,38,0
1,0,0,0,9,2,1,246,25,16,41,294217.00,81,0,0,0,1,0,0,67,170,23,16
0,0,0,1,9,3,1,291,31,12,40,294217.00,81,0,0,1,1,0,1,73,171,25,3
0,0,0,0,9,3,1,231,35,14,39,294217.00,81,1,0,2,1,0,2,100,170,35,0
0,0,0,0,9,3,1,291,50,12,32,294217.00,81,1,0,0,1,0,0,65,169,23,0
1,0,0,0,9,4,1,179,51,18,38,294217.00,81,0,0,0,1,0,0,89,170,31,8
1,0,0,0,9,4,1,246,25,16,41,294217.00,81,0,0,0,1,0,0,67,170,23,32
0,0,0,1,9,5,1,179,51,18,38,294217.00,81,0,0,0,1,0,0,89,170,31,1
0,0,0,1,9,6,1,291,31,12,40,294217.00,81,0,0,1,1,0,1,73,171,25,4
0,0,0,1,9,6,1,260,50,11,36,294217.00,81,0,0,4,1,0,0,65,168,23,4
0,0,0,1,9,4,4,235,20,13,43,294217.00,81,0,0,1,1,0,0,106,167,38,8
0,0,0,1,9,5,4,118,13,18,50,294217.00,81,0,0,1,1,0,0,98,178,31,1
0,0,0,0,9,5,4,235,20,13,43,294217.00,81,1,0,1,1,0,0,106,167,38,0
0,0,0,1,9,6,4,291,31,12,40,294217.00,81,0,0,1,1,0,1,73,171,25,3
1,0,0,0,9,2,4,291,31,12,40,294217.00,81,0,0,1,1,0,1,73,171,25,40
1,0,0,0,9,2,4,179,51,18,38,294217.00,81,0,0,0,1,0,0,89,170,31,8
0,0,0,1,10,2,4,289,36,13,33,265017.00,88,0,0,2,1,0,1,90,172,30,8
0,0,0,1,10,2,4,235,11,14,37,265017.00,88,0,1,1,0,0,1,88,172,29,4
0,0,0,1,10,2,4,289,36,13,33,265017.00,88,0,0,2,1,0,1,90,172,30,8
0,0,0,1,10,6,4,289,36,13,33,265017.00,88,0,0,2,1,0,1,90,172,30,8
0,0,0,0,10,6,4,118,13,18,50,265017.00,88,1,0,1,1,0,0,98,178,31,0
0,0,0,0,10,6,4,248,25,14,47,265017.00,88,1,0,2,0,0,1,86,165,32,0
1,0,0,0,10,2,4,179,26,9,30,265017.00,88,0,1,0,0,0,0,56,171,19,8
1,0,0,0,10,2,4,118,10,10,37,265017.00,88,0,0,0,0,0,0,83,172,28,3
0,0,0,1,10,2,4,369,17,12,31,265017.00,88,0,0,3,1,0,0,70,169,25,8
0,0,0,1,10,4,4,179,51,18,38,265017.00,88,0,0,0,1,0,0,89,170,31,1
1,0,0,0,10,4,4,179,26,9,30,265017.00,88,0,1,0,0,0,0,56,171,19,64
0,0,0,0,10,4,4,235,20,13,43,265017.00,88,1,0,1,1,0,0,106,167,38,0
0,0,1,0,10,5,4,289,36,13,33,265017.00,88,0,0,2,1,0,1,90,172,30,16
0,0,0,1,10,6,4,260,50,11,36,265017.00,88,0,0,4,1,0,0,65,168,23,3
0,0,0,0,10,6,4,235,20,13,43,265017.00,88,1,0,1,1,0,0,106,167,38,0
0,0,0,1,10,2,4,235,20,13,43,265017.00,88,0,0,1,1,0,0,106,167,38,2
0,0,0,1,10,2,4,235,20,13,43,265017.00,88,0,0,1,1,0,0,106,167,38,2
0,0,0,1,10,3,4,118,13,18,50,265017.00,88,0,0,1,1,0,0,98,178,31,1
0,0,0,1,10,3,4,291,31,12,40,265017.00,88,0,0,1,1,0,1,73,171,25,4
0,0,0,1,10,5,4,179,26,9,30,265017.00,88,0,1,0,0,0,0,56,171,19,16
0,0,0,1,10,5,4,118,13,18,50,265017.00,88,0,0,1,1,0,0,98,178,31,1
1,0,0,0,10,2,4,361,52,3,28,265017.00,88,0,0,1,1,0,4,80,172,27,8
0,0,0,0,10,3,4,260,50,11,36,265017.00,88,1,0,4,1,0,0,65,168,23,0
0,0,0,0,10,3,4,291,31,12,40,265017.00,88,1,0,1,1,0,1,73,171,25,0
0,0,0,0,10,3,4,157,27,6,29,265017.00,88,1,0,0,1,1,0,75,185,22,0
1,0,0,0,10,4,4,179,26,9,30,265017.00,88,0,1,0,0,0,0,56,171,19,5
1,0,0,0,10,4,4,179,26,9,30,265017.00,88,0,1,0,0,0,0,56,171,19,5
0,0,0,1,10,5,4,118,13,18,50,265017.00,88,0,0,1,1,0,0,98,178,31,1
1,0,0,0,11,2,4,118,10,10,37,284031.00,97,0,0,0,0,0,0,83,172,28,8
0,0,0,1,11,2,4,248,25,14,47,284031.00,97,0,0,2,0,0,1,86,165,32,2
1,0,0,0,11,3,4,179,51,18,38,284031.00,97,0,0,0,1,0,0,89,170,31,8
0,0,0,1,11,6,4,260,50,11,36,284031.00,97,0,0,4,1,0,0,65,168,23,3
0,0,0,1,11,2,4,291,31,12,40,284031.00,97,0,0,1,1,0,1,73,171,25,1
1,0,0,0,11,2,4,378,49,11,36,284031.00,97,0,0,2,0,1,4,65,174,21,8
1,0,0,0,11,2,4,155,12,14,34,284031.00,97,0,0,2,1,0,0,95,196,25,120
0,0,0,1,11,2,4,235,20,13,43,284031.00,97,0,0,1,1,0,0,106,167,38,8
0,0,0,0,11,3,4,330,16,4,28,284031.00,97,1,1,0,0,0,0,84,182,25,0
0,0,1,0,11,4,4,235,11,14,37,284031.00,97,0,1,1,0,0,1,88,172,29,1
1,0,0,0,11,4,4,118,10,10,37,284031.00,97,0,0,0,0,0,0,83,172,28,3
0,0,0,1,11,5,4,235,11,14,37,284031.00,97,0,1,1,0,0,1,88,172,29,2
0,0,0,1,11,5,4,179,51,18,38,284031.00,97,0,0,0,1,0,0,89,170,31,3
1,0,0,0,11,6,4,246,25,16,41,284031.00,97,0,0,0,1,0,0,67,170,23,8
1,0,0,0,11,6,4,291,31,12,40,284031.00,97,0,0,1,1,0,1,73,171,25,4
1,0,0,0,11,2,4,246,25,16,41,284031.00,97,0,0,0,1,0,0,67,170,23,8
0,0,0,1,11,3,4,179,51,18,38,284031.00,97,0,0,0,1,0,0,89,170,31,1
1,0,0,0,11,4,4,260,50,11,36,284031.00,97,0,0,4,1,0,0,65,168,23,8
0,1,0,0,11,6,4,260,50,11,36,284031.00,97,0,0,4,1,0,0,65,168,23,8
0,0,0,0,11,6,4,378,49,11,36,284031.00,97,1,0,2,0,1,4,65,174,21,0
0,0,0,0,11,3,4,279,5,14,39,284031.00,97,1,0,2,1,1,0,68,168,24,0
0,0,0,1,11,5,4,179,51,18,38,284031.00,97,0,0,0,1,0,0,89,170,31,1
1,0,0,0,12,2,4,225,26,9,28,236629.00,93,0,0,1,0,0,2,69,169,24,3
0,0,0,1,12,2,4,179,51,18,38,236629.00,93,0,0,0,1,0,0,89,170,31,2
0,0,0,1,12,2,4,179,51,18,38,236629.00,93,0,0,0,1,0,0,89,170,31,1
0,0,0,1,12,2,4,235,11,14,37,236629.00,93,0,1,1,0,0,1,88,172,29,3
0,0,0,1,12,3,4,118,13,18,50,236629.00,93,0,0,1,1,0,0,98,178,31,1
0,0,0,1,12,6,4,260,50,11,36,236629.00,93,0,0,4,1,0,0,65,168,23,4
1,0,0,0,12,5,4,246,25,16,41,236629.00,93,0,0,0,1,0,0,67,170,23,8
0,0,0,1,12,5,4,179,51,18,38,236629.00,93,0,0,0,1,0,0,89,170,31,1
0,0,0,1,12,6,4,179,51,18,38,236629.00,93,0,0,0,1,0,0,89,170,31,1
0,0,0,1,12,3,4,179,26,9,30,236629.00,93,0,1,0,0,0,0,56,171,19,1
0,0,0,1,12,3,4,118,10,10,37,236629.00,93,0,0,0,0,0,0,83,172,28,8
0,0,0,1,12,5,4,235,11,14,37,236629.00,93,0,1,1,0,0,1,88,172,29,2
0,0,0,1,12,6,4,179,51,18,38,236629.00,93,0,0,0,1,0,0,89,170,31,1
1,0,0,0,12,3,2,235,20,13,43,236629.00,93,0,0,1,1,0,0,106,167,38,8
1,0,0,0,12,3,2,235,11,14,37,236629.00,93,0,1,1,0,0,1,88,172,29,4
0,0,0,1,12,4,2,260,50,11,36,236629.00,93,0,0,4,1,0,0,65,168,23,8
0,0,0,1,12,2,2,157,27,6,29,236629.00,93,0,0,0,1,1,0,75,185,22,2
0,0,0,1,12,2,2,179,51,18,38,236629.00,93,0,0,0,1,0,0,89,170,31,3
0,0,1,0,12,2,2,289,36,13,33,236629.00,93,0,0,2,1,0,1,90,172,30,8
0,0,0,1,1,4,2,225,26,9,28,330061.00,100,0,0,1,0,0,2,69,169,24,5
0,0,1,0,1,2,2,118,10,10,37,330061.00,100,0,0,0,0,0,0,83,172,28,32
0,0,0,1,1,2,2,155,12,14,34,330061.00,100,0,0,2,1,0,0,95,196,25,2
1,0,0,0,1,3,2,235,11,14,37,330061.00,100,0,1,1,0,0,1,88,172,29,1
0,0,0,1,1,3,2,155,12,14,34,330061.00,100,0,0,2,1,0,0,95,196,25,4
0,0,0,1,1,2,2,289,36,13,33,330061.00,100,0,0,2,1,0,1,90,172,30,8
1,0,0,0,1,4,2,291,31,12,40,330061.00,100,0,0,1,1,0,1,73,171,25,8
0,0,0,1,1,2,2,235,20,13,43,330061.00,100,0,0,1,1,0,0,106,167,38,8
0,0,0,1,1,2,2,118,13,18,50,330061.00,100,0,0,1,1,0,0,98,178,31,4
0,0,0,1,1,4,2,179,51,18,38,330061.00,100,0,0,0,1,0,0,89,170,31,1
0,0,0,1,1,6,2,179,51,18,38,330061.00,100,0,0,0,1,0,0,89,170,31,1
0,0,0,1,2,3,2,118,10,10,37,251818.00,96,0,0,0,0,0,0,83,172,28,2
0,0,0,1,2,4,2,179,51,18,38,251818.00,96,0,0,0,1,0,0,89,170,31,3
1,0,0,0,2,4,2,225,26,9,28,251818.00,96,0,0,1,0,0,2,69,169,24,1
0,0,0,1,2,6,2,289,36,13,33,251818.00,96,0,0,2,1,0,1,90,172,30,3
0,0,0,1,2,6,2,260,50,11,36,251818.00,96,0,0,4,1,0,0,65,168,23,3
0,0,0,1,2,6,2,179,51,18,38,251818.00,96,0,0,0,1,0,0,89,170,31,3
0,0,0,1,2,2,2,179,51,18,38,251818.00,96,0,0,0,1,0,0,89,170,31,2
0,0,0,1,2,4,2,179,51,18,38,251818.00,96,0,0,0,1,0,0,89,170,31,3
1,0,0,0,2,5,2,179,51,18,38,251818.00,96,0,0,0,1,0,0,89,170,31,8
0,0,0,1,2,5,2,246,25,16,41,251818.00,96,0,0,0,1,0,0,67,170,23,8
0,0,0,1,2,6,2,179,51,18,38,251818.00,96,0,0,0,1,0,0,89,170,31,3
0,0,0,1,2,2,2,189,29,13,33,251818.00,96,0,0,2,0,0,2,69,167,25,8
0,0,0,1,2,2,2,179,51,18,38,251818.00,96,0,0,0,1,0,0,89,170,31,3
0,0,0,1,2,3,2,246,25,16,41,251818.00,96,0,0,0,1,0,0,67,170,23,2
0,0,0,1,2,3,2,291,31,12,40,251818.00,96,0,0,1,1,0,1,73,171,25,2
1,0,0,0,2,4,2,157,27,6,29,251818.00,96,0,0,0,1,1,0,75,185,22,16
0,0,0,1,2,4,2,179,51,18,38,251818.00,96,0,0,0,1,0,0,89,170,31,3
0,0,0,1,2,6,2,179,51,18,38,251818.00,96,0,0,0,1,0,0,89,170,31,3
1,0,0,0,2,6,2,246,25,16,41,251818.00,96,0,0,0,1,0,0,67,170,23,24
0,0,0,1,2,4,2,179,51,18,38,251818.00,96,0,0,0,1,0,0,89,170,31,3
0,0,0,1,2,6,2,179,51,18,38,251818.00,96,0,0,0,1,0,0,89,170,31,3
0,0,1,0,3,3,2,118,10,10,37,244387.00,98,0,0,0,0,0,0,83,172,28,8
0,0,1,0,3,4,2,246,25,16,41,244387.00,98,0,0,0,1,0,0,67,170,23,16
0,0,0,1,3,6,2,246,25,16,41,244387.00,98,0,0,0,1,0,0,67,170,23,2
0,0,0,1,3,6,2,260,50,11,36,244387.00,98,0,0,4,1,0,0,65,168,23,4
0,0,0,1,3,2,2,179,51,18,38,244387.00,98,0,0,0,1,0,0,89,170,31,2
0,0,0,1,3,2,2,235,11,14,37,244387.00,98,0,1,1,0,0,1,88,172,29,8
0,0,0,1,3,3,2,179,22,17,40,244387.00,98,0,1,2,0,1,0,63,170,22,8
0,0,0,1,3,3,2,378,49,11,36,244387.00,98,0,0,2,0,1,4,65,174,21,8
0,0,0,1,3,2,2,179,51,18,38,244387.00,98,0,0,0,1,0,0,89,170,31,16
0,0,0,1,3,4,2,361,52,3,28,244387.00,98,0,0,1,1,0,4,80,172,27,8
0,0,0,0,3,4,2,369,17,12,31,244387.00,98,1,0,3,1,0,0,70,169,25,0
0,0,1,0,3,5,2,235,11,14,37,244387.00,98,0,1,1,0,0,1,88,172,29,8
0,0,0,1,3,6,3,118,13,18,50,244387.00,98,0,0,1,1,0,0,98,178,31,2
1,0,0,0,3,3,3,118,13,18,50,244387.00,98,0,0,1,1,0,0,98,178,31,3
1,0,0,0,3,4,3,118,13,18,50,244387.00,98,0,0,1,1,0,0,98,178,31,8
0,0,0,0,3,5,3,235,11,14,37,244387.00,98,1,1,1,0,0,1,88,172,29,0
0,0,0,0,3,5,3,246,25,16,41,244387.00,98,1,0,0,1,0,0,67,170,23,0
0,0,0,0,3,5,3,118,13,18,50,244387.00,98,1,0,1,1,0,0,98,178,31,0
0,0,0,1,3,6,3,179,51,18,38,244387.00,98,0,0,0,1,0,0,89,170,31,8
0,0,0,1,3,6,3,289,36,13,33,244387.00,98,0,0,2,1,0,1,90,172,30,8
0,0,1,0,3,2,3,260,50,11,36,244387.00,98,0,0,4,1,0,0,65,168,23,8
0,0,0,1,3,3,3,246,25,16,41,244387.00,98,0,0,0,1,0,0,67,170,23,2
0,0,0,1,4,4,3,179,51,18,38,239409.00,98,0,0,0,1,0,0,89,170,31,4
0,0,0,1,4,6,3,260,50,11,36,239409.00,98,0,0,4,1,0,0,65,168,23,3
0,0,0,1,4,6,3,330,16,4,28,239409.00,98,0,1,0,0,0,0,84,182,25,4
0,0,0,1,4,2,3,369,17,12,31,239409.00,98,0,0,3,1,0,0,70,169,25,4
0,0,0,1,4,2,3,248,25,14,47,239409.00,98,0,0,2,0,0,1,86,165,32,4
0,0,0,1,4,4,3,330,16,4,28,239409.00,98,0,1,0,0,0,0,84,182,25,8
0,0,0,1,4,4,3,179,51,18,38,239409.00,98,0,0,0,1,0,0,89,170,31,8
0,0,0,1,4,2,3,118,13,18,50,239409.00,98,0,0,1,1,0,0,98,178,31,1
1,0,0,0,4,4,3,118,13,18,50,239409.00,98,0,0,1,1,0,0,98,178,31,120
0,0,0,1,4,6,3,300,26,13,43,239409.00,98,0,0,2,1,1,1,77,175,25,8
0,0,0,1,4,6,3,260,50,11,36,239409.00,98,0,0,4,1,0,0,65,168,23,4
0,0,0,1,4,2,3,179,51,18,38,239409.00,98,0,0,0,1,0,0,89,170,31,4
1,0,0,0,4,4,3,118,10,10,37,239409.00,98,0,0,0,0,0,0,83,172,28,2
1,0,0,0,5,2,3,235,20,13,43,246074.00,99,0,0,1,1,0,0,106,167,38,16
0,0,0,1,5,4,3,248,25,14,47,246074.00,99,0,0,2,0,0,1,86,165,32,2
1,0,0,0,5,2,3,369,17,12,31,246074.00,99,0,0,3,1,0,0,70,169,25,8
0,0,0,1,5,4,3,179,26,9,30,246074.00,99,0,1,0,0,0,0,56,171,19,3
0,0,0,1,5,4,3,179,51,18,38,246074.00,99,0,0,0,1,0,0,89,170,31,4
0,0,0,1,5,5,3,361,52,3,28,246074.00,99,0,0,1,1,0,4,80,172,27,1
0,0,0,1,5,6,3,260,50,11,36,246074.00,99,0,0,4,1,0,0,65,168,23,3
1,0,0,0,5,2,3,179,22,17,40,246074.00,99,0,1,2,0,1,0,63,170,22,2
1,0,0,0,5,2,3,179,22,17,40,246074.00,99,0,1,2,0,1,0,63,170,22,3
0,0,1,0,5,4,3,228,14,16,58,246074.00,99,0,0,2,0,0,1,65,172,22,8
0,0,0,1,5,4,3,225,26,9,28,246074.00,99,0,0,1,0,0,2,69,169,24,3
1,0,0,0,5,6,3,330,16,4,28,246074.00,99,0,1,0,0,0,0,84,182,25,8
0,0,0,1,5,2,3,179,26,9,30,246074.00,99,0,1,0,0,0,0,56,171,19,2
0,0,0,1,5,2,3,118,10,10,37,246074.00,99,0,0,0,0,0,0,83,172,28,1
1,0,0,0,5,2,3,235,11,14,37,246074.00,99,0,1,1,0,0,1,88,172,29,8
0,0,0,1,5,4,3,179,26,9,30,246074.00,99,0,1,0,0,0,0,56,171,19,3
0,0,0,1,6,2,3,118,10,10,37,253957.00,95,0,0,0,0,0,0,83,172,28,3
0,0,0,1,6,2,3,179,51,18,38,253957.00,95,0,0,0,1,0,0,89,170,31,3
0,0,0,1,6,3,3,118,10,10,37,253957.00,95,0,0,0,0,0,0,83,172,28,2
0,0,0,1,6,5,3,225,26,9,28,253957.00,95,0,0,1,0,0,2,69,169,24,4
0,0,0,1,6,6,3,260,50,11,36,253957.00,95,0,0,4,1,0,0,65,168,23,4
0,0,0,0,6,6,3,179,51,18,38,253957.00,95,1,0,0,1,0,0,89,170,31,0
1,0,0,0,6,2,3,291,31,12,40,253957.00,95,0,0,1,1,0,1,73,171,25,40
0,0,0,1,6,2,3,179,51,18,38,253957.00,95,0,0,0,1,0,0,89,170,31,24
0,0,0,1,6,3,3,246,25,16,41,253957.00,95,0,0,0,1,0,0,67,170,23,3
0,0,0,1,6,2,3,179,51,18,38,253957.00,95,0,0,0,1,0,0,89,170,31,4
0,0,0,1,6,3,3,235,20,13,43,253957.00,95,0,0,1,1,0,0,106,167,38,8
0,0,0,1,6,2,1,179,51,18,38,253957.00,95,0,0,0,1,0,0,89,170,31,2
0,0,0,1,6,4,1,225,26,9,28,253957.00,95,0,0,1,0,0,2,69,169,24,2
0,0,0,1,6,4,1,118,13,18,50,253957.00,95,0,0,1,1,0,0,98,178,31,2
1,0,0,0,6,4,1,179,51,18,38,253957.00,95,0,0,0,1,0,0,89,170,31,8
0,0,1,0,6,4,1,179,26,9,30,253957.00,95,0,1,0,0,0,0,56,171,19,2
0,0,0,1,6,6,1,246,25,16,41,253957.00,95,0,0,0,1,0,0,67,170,23,2
1,0,0,0,6,3,1,330,16,4,28,253957.00,95,0,1,0,0,0,0,84,182,25,1
1,0,0,0,6,3,1,235,11,14,37,253957.00,95,0,1,1,0,0,1,88,172,29,8
0,0,0,1,7,5,1,179,26,9,30,230290.00,92,0,1,0,0,0,0,56,171,19,2
0,0,0,1,7,5,1,225,26,9,28,230290.00,92,0,0,1,0,0,2,69,169,24,4
1,0,0,0,7,6,1,260,50,11,36,230290.00,92,0,0,4,1,0,0,65,168,23,8
1,0,0,0,7,2,1,268,11,8,33,230290.00,92,0,1,0,0,0,0,79,178,25,8
0,0,0,1,7,6,1,330,16,4,28,230290.00,92,0,1,0,0,0,0,84,182,25,8
0,0,0,1,7,6,1,118,10,10,37,230290.00,92,0,0,0,0,0,0,83,172,28,8
0,0,0,1,7,2,1,260,50,11,36,230290.00,92,0,0,4,1,0,0,65,168,23,4
0,0,0,1,7,3,1,118,10,10,37,230290.00,92,0,0,0,0,0,0,83,172,28,8
0,1,0,0,7,2,1,300,26,13,43,230290.00,92,0,0,2,1,1,1,77,175,25,8
0,0,0,1,7,2,1,235,29,12,48,230290.00,92,0,0,1,0,1,5,88,163,33,1
0,0,0,1,7,3,1,246,25,16,41,230290.00,92,0,0,0,1,0,0,67,170,23,2
1,0,0,0,7,3,1,225,26,9,28,230290.00,92,0,0,1,0,0,2,69,169,24,112
0,0,0,1,7,3,1,179,51,18,38,230290.00,92,0,0,0,1,0,0,89,170,31,1
0,0,0,1,7,6,1,118,13,18,50,230290.00,92,0,0,1,1,0,0,98,178,31,1
0,0,0,1,7,6,1,361,52,3,28,230290.00,92,0,0,1,1,0,4,80,172,27,8
0,0,0,1,7,2,1,289,36,13,33,230290.00,92,0,0,2,1,0,1,90,172,30,8
0,0,0,1,7,2,1,235,20,13,43,230290.00,92,0,0,1,1,0,0,106,167,38,8
0,0,0,1,7,3,1,246,25,16,41,230290.00,92,0,0,0,1,0,0,67,170,23,2
0,0,0,1,7,5,1,291,31,12,40,230290.00,92,0,0,1,1,0,1,73,171,25,1
0,0,0,1,7,5,1,279,5,14,39,230290.00,92,0,0,2,1,1,0,68,168,24,2
0,0,0,1,8,5,1,179,51,18,38,249797.00,93,0,0,0,1,0,0,89,170,31,4
0,0,0,1,8,2,1,179,22,17,40,249797.00,93,0,1,2,0,1,0,63,170,22,1
0,0,0,1,8,3,1,246,25,16,41,249797.00,93,0,0,0,1,0,0,67,170,23,4
0,0,0,1,8,3,1,118,10,10,37,249797.00,93,0,0,0,0,0,0,83,172,28,4
0,0,0,1,8,3,1,289,36,13,33,249797.00,93,0,0,2,1,0,1,90,172,30,8
0,0,0,1,8,3,1,235,20,13,43,249797.00,93,0,0,1,1,0,0,106,167,38,8
0,0,0,1,8,5,1,291,31,12,40,249797.00,93,0,0,1,1,0,1,73,171,25,4
0,0,0,1,8,2,1,179,51,18,38,249797.00,93,0,0,0,1,0,0,89,170,31,4
0,0,0,1,8,3,1,179,22,17,40,249797.00,93,0,1,2,0,1,0,63,170,22,8
0,0,0,1,8,5,1,330,16,4,28,249797.00,93,0,1,0,0,0,0,84,182,25,16
0,0,0,1,8,3,1,235,11,14,37,249797.00,93,0,1,1,0,0,1,88,172,29,4
0,0,0,1,8,3,1,246,25,16,41,249797.00,93,0,0,0,1,0,0,67,170,23,1
0,0,0,1,8,3,1,118,10,10,37,249797.00,93,0,0,0,0,0,0,83,172,28,5
0,0,0,1,8,5,1,291,31,12,40,249797.00,93,0,0,1,1,0,1,73,171,25,2
0,0,0,1,8,2,1,260,50,11,36,249797.00,93,0,0,4,1,0,0,65,168,23,3
0,0,0,1,9,3,1,246,25,16,41,261756.00,87,0,0,0,1,0,0,67,170,23,1
0,0,0,1,9,3,1,246,25,16,41,261756.00,87,0,0,0,1,0,0,67,170,23,1
0,0,0,1,9,3,1,118,10,10,37,261756.00,87,0,0,0,0,0,0,83,172,28,3
0,0,0,1,9,3,1,155,12,14,34,261756.00,87,0,0,2,1,0,0,95,196,25,2
0,0,0,1,9,5,1,291,31,12,40,261756.00,87,0,0,1,1,0,1,73,171,25,2
0,0,0,1,9,6,1,179,26,9,30,261756.00,87,0,1,0,0,0,0,56,171,19,8
0,0,0,1,9,6,1,248,25,14,47,261756.00,87,0,0,2,0,0,1,86,165,32,1
0,0,0,1,9,2,1,179,51,18,38,261756.00,87,0,0,0,1,0,0,89,170,31,4
0,0,0,1,9,4,1,225,26,9,28,261756.00,87,0,0,1,0,0,2,69,169,24,1
0,0,0,1,9,2,1,179,26,9,30,261756.00,87,0,1,0,0,0,0,56,171,19,2
0,0,0,1,9,3,4,369,17,12,31,261756.00,87,0,0,3,1,0,0,70,169,25,8
0,0,0,1,9,3,4,361,52,3,28,261756.00,87,0,0,1,1,0,4,80,172,27,8
1,0,0,0,10,5,4,289,48,29,49,284853.00,91,0,0,0,0,0,2,108,172,36,1
1,0,0,0,10,5,4,235,16,8,32,284853.00,91,0,1,0,0,0,0,75,178,25,3
0,0,0,1,10,6,4,246,25,16,41,284853.00,91,0,0,0,1,0,0,67,170,23,8
1,0,0,0,10,4,4,289,48,29,49,284853.00,91,0,0,0,0,0,2,108,172,36,3
0,0,0,1,10,4,4,291,31,12,40,284853.00,91,0,0,1,1,0,1,73,171,25,2
0,0,0,1,10,3,4,118,10,10,37,284853.00,91,0,0,0,0,0,0,83,172,28,2
0,0,0,1,10,5,4,289,48,29,49,284853.00,91,0,0,0,0,0,2,108,172,36,2
0,0,0,1,10,6,4,291,31,12,40,284853.00,91,0,0,1,1,0,1,73,171,25,1
0,0,0,1,10,3,4,225,26,9,28,284853.00,91,0,0,1,0,0,2,69,169,24,2
0,0,0,1,10,3,4,369,17,12,31,284853.00,91,0,0,3,1,0,0,70,169,25,8
0,0,0,1,10,3,4,369,17,12,31,284853.00,91,0,0,3,1,0,0,70,169,25,3
0,0,0,1,10,3,4,225,26,9,28,284853.00,91,0,0,1,0,0,2,69,169,24,4
0,0,0,1,10,3,4,369,17,12,31,284853.00,91,0,0,3,1,0,0,70,169,25,8
0,0,0,1,10,4,4,179,51,18,38,284853.00,91,0,0,0,1,0,0,89,170,31,3
1,0,0,0,10,4,4,228,14,16,58,284853.00,91,0,0,2,0,0,1,65,172,22,1
0,0,0,1,10,4,4,291,31,12,40,284853.00,91,0,0,1,1,0,1,73,171,25,1
1,0,0,0,10,5,4,369,17,12,31,284853.00,91,0,0,3,1,0,0,70,169,25,8
1,0,0,0,10,5,4,225,26,9,28,284853.00,91,0,0,1,0,0,2,69,169,24,1
1,0,0,0,10,6,4,369,17,12,31,284853.00,91,0,0,3,1,0,0,70,169,25,8
1,0,0,0,10,6,4,225,26,9,28,284853.00,91,0,0,1,0,0,2,69,169,24,3
0,0,0,1,10,2,4,189,29,13,33,284853.00,91,0,0,2,0,0,2,69,167,25,8
1,0,0,0,10,2,4,235,16,8,32,284853.00,91,0,1,0,0,0,0,75,178,25,8
1,0,0,0,10,2,4,248,25,14,47,284853.00,91,0,0,2,0,0,1,86,165,32,8
0,0,0,0,10,2,4,225,26,9,28,284853.00,91,1,0,1,0,0,2,69,169,24,0
1,0,0,0,10,3,4,225,26,9,28,284853.00,91,0,0,1,0,0,2,69,169,24,3
0,0,1,0,11,3,4,179,51,18,38,268519.00,93,0,0,0,1,0,0,89,170,31,1
0,0,0,1,11,4,4,118,10,10,37,268519.00,93,0,0,0,0,0,0,83,172,28,3
1,0,0,0,11,4,4,330,16,4,28,268519.00,93,0,1,0,0,0,0,84,182,25,24
0,0,0,1,11,6,4,179,51,18,38,268519.00,93,0,0,0,1,0,0,89,170,31,1
1,0,0,0,11,3,4,118,10,10,37,268519.00,93,0,0,0,0,0,0,83,172,28,8
0,0,0,1,11,4,4,289,36,13,33,268519.00,93,0,0,2,1,0,1,90,172,30,8
1,0,0,0,11,6,4,235,16,8,32,268519.00,93,0,1,0,0,0,0,75,178,25,8
0,0,0,1,11,6,4,225,26,9,28,268519.00,93,0,0,1,0,0,2,69,169,24,4
0,0,0,1,11,3,4,361,52,3,28,268519.00,93,0,0,1,1,0,4,80,172,27,8
0,0,0,1,11,4,4,291,31,12,40,268519.00,93,0,0,1,1,0,1,73,171,25,2
1,0,0,0,11,5,4,118,10,10,37,268519.00,93,0,0,0,0,0,0,83,172,28,2
1,0,0,0,11,5,4,225,26,9,28,268519.00,93,0,0,1,0,0,2,69,169,24,3
0,0,0,1,11,2,4,179,51,18,38,268519.00,93,0,0,0,1,0,0,89,170,31,1
0,0,0,1,11,2,4,118,10,10,37,268519.00,93,0,0,0,0,0,0,83,172,28,8
1,0,0,0,11,3,4,118,10,10,37,268519.00,93,0,0,0,0,0,0,83,172,28,8
0,0,0,1,11,3,4,225,26,9,28,268519.00,93,0,0,1,0,0,2,69,169,24,2
0,0,0,0,11,3,4,291,31,12,40,268519.00,93,1,0,1,1,0,1,73,171,25,0
0,0,0,0,11,4,4,289,36,13,33,268519.00,93,1,0,2,1,0,1,90,172,30,0
1,0,0,0,11,5,4,248,25,14,47,268519.00,93,0,0,2,0,0,1,86,165,32,4
0,0,0,0,11,5,4,235,20,13,43,268519.00,93,1,0,1,1,0,0,106,167,38,0
0,0,0,1,11,6,4,225,26,9,28,268519.00,93,0,0,1,0,0,2,69,169,24,2
0,0,0,1,11,6,4,369,17,12,31,268519.00,93,0,0,3,1,0,0,70,169,25,8
0,0,0,1,11,2,4,361,52,3,28,268519.00,93,0,0,1,1,0,4,80,172,27,2
1,0,0,0,12,3,4,179,51,18,38,280549.00,98,0,0,0,1,0,0,89,170,31,32
0,0,0,1,12,4,4,291,31,12,40,280549.00,98,0,0,1,1,0,1,73,171,25,1
0,0,0,1,12,4,4,225,26,9,28,280549.00,98,0,0,1,0,0,2,69,169,24,3
1,0,0,0,12,6,4,179,26,9,30,280549.00,98,0,1,0,0,0,0,56,171,19,1
0,0,0,1,12,6,4,225,26,9,28,280549.00,98,0,0,1,0,0,2,69,169,24,3
0,0,0,1,12,4,4,225,26,9,28,280549.00,98,0,0,1,0,0,2,69,169,24,3
1,0,0,0,12,5,4,361,52,3,28,280549.00,98,0,0,1,1,0,4,80,172,27,4
0,0,1,0,12,6,4,179,22,17,40,280549.00,98,0,1,2,0,1,0,63,170,22,2
0,0,0,1,12,6,4,235,20,13,43,280549.00,98,0,0,1,1,0,0,106,167,38,8
0,0,1,0,12,2,4,233,51,1,31,280549.00,98,0,1,1,1,0,8,68,178,21,8
1,0,0,0,12,3,4,179,26,9,30,280549.00,98,0,1,0,0,0,0,56,171,19,16
0,0,0,1,12,3,4,225,26,9,28,280549.00,98,0,0,1,0,0,2,69,169,24,2
0,0,0,1,12,5,4,225,26,9,28,280549.00,98,0,0,1,0,0,2,69,169,24,3
0,0,0,1,12,2,4,225,26,9,28,280549.00,98,0,0,1,0,0,2,69,169,24,2
0,0,1,0,12,3,2,155,12,14,34,280549.00,98,0,0,2,1,0,0,95,196,25,80
1,0,0,0,1,2,2,179,26,9,30,313532.00,96,0,1,0,0,0,0,56,171,19,24
1,0,0,0,1,5,2,179,26,9,30,313532.00,96,0,1,0,0,0,0,56,171,19,16
0,0,0,1,1,5,2,179,22,17,40,313532.00,96,0,1,2,0,1,0,63,170,22,2
0,0,0,1,1,6,2,179,22,17,40,313532.00,96,0,1,2,0,1,0,63,170,22,2
1,0,0,0,1,2,2,179,26,9,30,313532.00,96,0,1,0,0,0,0,56,171,19,3
0,0,0,1,1,4,2,179,22,17,40,313532.00,96,0,1,2,0,1,0,63,170,22,2
1,0,0,0,1,5,2,289,48,29,49,313532.00,96,0,0,0,0,0,2,108,172,36,8
0,0,1,0,1,6,2,179,22,17,40,313532.00,96,0,1,2,0,1,0,63,170,22,3
0,0,0,1,1,2,2,179,26,9,30,313532.00,96,0,1,0,0,0,0,56,171,19,2
0,0,1,0,1,3,2,155,12,14,34,313532.00,96,0,0,2,1,0,0,95,196,25,8
0,0,0,1,1,4,2,179,26,9,30,313532.00,96,0,1,0,0,0,0,56,171,19,2
0,0,0,1,1,4,2,179,51,18,38,313532.00,96,0,0,0,1,0,0,89,170,31,3
1,0,0,0,1,4,2,289,36,13,33,313532.00,96,0,0,2,1,0,1,90,172,30,8
0,0,0,1,1,5,2,179,51,18,38,313532.00,96,0,0,0,1,0,0,89,170,31,3
0,0,0,1,1,6,2,179,51,18,38,313532.00,96,0,0,0,1,0,0,89,170,31,2
1,0,0,0,2,3,2,179,51,18,38,264249.00,97,0,0,0,1,0,0,89,170,31,8
0,0,0,1,2,3,2,225,26,9,28,264249.00,97,0,0,1,0,0,2,69,169,24,3
1,0,0,0,2,4,2,248,25,14,47,264249.00,97,0,0,2,0,0,1,86,165,32,8
0,0,0,1,2,4,2,179,51,18,38,264249.00,97,0,0,0,1,0,0,89,170,31,2
0,0,0,1,2,5,2,225,26,9,28,264249.00,97,0,0,1,0,0,2,69,169,24,3
0,0,0,1,2,5,2,179,51,18,38,264249.00,97,0,0,0,1,0,0,89,170,31,2
0,0,0,1,2,5,2,179,26,9,30,264249.00,97,0,1,0,0,0,0,56,171,19,2
0,0,0,1,2,6,2,225,15,15,41,264249.00,97,0,1,2,1,0,2,94,182,28,2
0,0,0,1,2,6,2,179,51,18,38,264249.00,97,0,0,0,1,0,0,89,170,31,2
0,0,1,0,2,2,2,233,51,1,31,264249.00,97,0,1,1,1,0,8,68,178,21,2
0,0,0,1,2,2,2,179,51,18,38,264249.00,97,0,0,0,1,0,0,89,170,31,2
1,0,0,0,2,3,2,225,26,9,28,264249.00,97,0,0,1,0,0,2,69,169,24,8
0,0,0,1,2,4,2,179,51,18,38,264249.00,97,0,0,0,1,0,0,89,170,31,3
0,0,0,1,2,5,2,179,51,18,38,264249.00,97,0,0,0,1,0,0,89,170,31,3
0,0,0,1,2,5,2,225,26,9,28,264249.00,97,0,0,1,0,0,2,69,169,24,3
1,0,0,0,2,5,2,179,26,9,30,264249.00,97,0,1,0,0,0,0,56,171,19,2
0,0,0,1,2,6,2,179,22,17,40,264249.00,97,0,1,2,0,1,0,63,170,22,2
0,0,0,1,2,6,2,179,51,18,38,264249.00,97,0,0,0,1,0,0,89,170,31,3
1,0,0,0,2,4,2,233,51,1,31,264249.00,97,0,1,1,1,0,8,68,178,21,3
0,0,0,1,2,4,2,179,26,9,30,264249.00,97,0,1,0,0,0,0,56,171,19,2
0,0,0,1,2,4,2,179,51,18,38,264249.00,97,0,0,0,1,0,0,89,170,31,2
1,0,0,0,2,5,2,179,51,18,38,264249.00,97,0,0,0,1,0,0,89,170,31,8
0,0,0,1,2,6,2,179,51,18,38,264249.00,97,0,0,0,1,0,0,89,170,31,2
0,0,0,1,2,2,2,155,12,14,34,264249.00,97,0,0,2,1,0,0,95,196,25,5
0,0,0,1,2,2,2,235,16,8,32,264249.00,97,0,1,0,0,0,0,75,178,25,3
0,0,0,1,2,2,2,179,51,18,38,264249.00,97,0,0,0,1,0,0,89,170,31,2
1,0,0,0,2,2,2,225,26,9,28,264249.00,97,0,0,1,0,0,2,69,169,24,2
0,0,0,1,2,3,2,179,51,18,38,264249.00,97,0,0,0,1,0,0,89,170,31,2
0,0,0,1,2,3,2,248,25,14,47,264249.00,97,0,0,2,0,0,1,86,165,32,2
0,0,0,1,2,3,2,225,26,9,28,264249.00,97,0,0,1,0,0,2,69,169,24,2
0,0,0,1,2,4,2,179,51,18,38,264249.00,97,0,0,0,1,0,0,89,170,31,2
0,0,0,1,2,5,2,179,51,18,38,264249.00,97,0,0,0,1,0,0,89,170,31,2
0,0,0,1,2,6,2,235,16,8,32,264249.00,97,0,1,0,0,0,0,75,178,25,2
0,0,0,1,3,2,2,179,51,18,38,222196.00,99,0,0,0,1,0,0,89,170,31,2
0,0,0,1,3,2,2,248,25,14,47,222196.00,99,0,0,2,0,0,1,86,165,32,2
0,0,0,1,3,3,2,228,14,16,58,222196.00,99,0,0,2,0,0,1,65,172,22,3
0,0,0,1,3,3,2,248,25,14,47,222196.00,99,0,0,2,0,0,1,86,165,32,3
1,0,0,0,3,3,2,228,14,16,58,222196.00,99,0,0,2,0,0,1,65,172,22,112
0,0,0,1,3,4,2,179,51,18,38,222196.00,99,0,0,0,1,0,0,89,170,31,2
0,0,0,1,3,5,2,225,26,9,28,222196.00,99,0,0,1,0,0,2,69,169,24,2
0,0,0,1,3,5,2,179,51,18,38,222196.00,99,0,0,0,1,0,0,89,170,31,3
0,0,0,1,3,5,2,225,26,9,28,222196.00,99,0,0,1,0,0,2,69,169,24,2
0,0,0,1,3,6,2,179,26,9,30,222196.00,99,0,1,0,0,0,0,56,171,19,3
0,0,0,1,3,2,2,235,16,8,32,222196.00,99,0,1,0,0,0,0,75,178,25,3
0,0,1,0,3,2,2,361,52,3,28,222196.00,99,0,0,1,1,0,4,80,172,27,8
1,0,0,0,3,3,2,179,51,18,38,222196.00,99,0,0,0,1,0,0,89,170,31,8
0,0,0,1,3,4,2,179,51,18,38,222196.00,99,0,0,0,1,0,0,89,170,31,2
0,0,0,1,3,5,2,179,51,18,38,222196.00,99,0,0,0,1,0,0,89,170,31,3
0,0,0,1,3,6,2,179,26,9,30,222196.00,99,0,1,0,0,0,0,56,171,19,2
1,0,0,0,3,2,2,179,51,18,38,222196.00,99,0,0,0,1,0,0,89,170,31,4
1,0,0,0,3,2,2,248,25,14,47,222196.00,99,0,0,2,0,0,1,86,165,32,2
0,0,0,1,3,2,2,179,51,18,38,222196.00,99,0,0,0,1,0,0,89,170,31,3
1,0,0,0,3,2,2,225,26,9,28,222196.00,99,0,0,1,0,0,2,69,169,24,8
0,0,0,1,3,3,2,179,51,18,38,222196.00,99,0,0,0,1,0,0,89,170,31,2
0,0,0,1,3,4,2,289,36,13,33,222196.00,99,0,0,2,1,0,1,90,172,30,8
0,0,0,1,3,4,2,228,14,16,58,222196.00,99,0,0,2,0,0,1,65,172,22,2
0,0,0,1,3,4,2,179,51,18,38,222196.00,99,0,0,0,1,0,0,89,170,31,2
0,0,0,1,3,5,2,248,25,14,47,222196.00,99,0,0,2,0,0,1,86,165,32,3
0,0,0,1,3,5,2,179,51,18,38,222196.00,99,0,0,0,1,0,0,89,170,31,3
0,0,0,1,3,6,2,179,26,9,30,222196.00,99,0,1,0,0,0,0,56,171,19,2
0,0,0,1,3,6,2,179,51,18,38,222196.00,99,0,0,0,1,0,0,89,170,31,3
0,0,0,1,3,3,3,179,51,18,38,222196.00,99,0,0,0,1,0,0,89,170,31,3
0,0,0,1,3,4,3,118,15,24,46,222196.00,99,0,0,2,1,1,0,75,175,25,8
1,0,0,0,3,4,3,155,12,14,34,222196.00,99,0,0,2,1,0,0,95,196,25,24
0,0,0,1,3,4,3,179,51,18,38,222196.00,99,0,0,0,1,0,0,89,170,31,3
0,0,0,1,3,5,3,179,51,18,38,222196.00,99,0,0,0,1,0,0,89,170,31,3
1,0,0,0,3,2,3,179,26,9,30,222196.00,99,0,1,0,0,0,0,56,171,19,2
0,0,1,0,3,2,3,289,36,13,33,222196.00,99,0,0,2,1,0,1,90,172,30,104
0,0,0,1,3,4,3,369,17,12,31,222196.00,99,0,0,3,1,0,0,70,169,25,8
1,0,0,0,4,2,3,225,26,9,28,246288.00,91,0,0,1,0,0,2,69,169,24,8
1,0,0,0,4,2,3,118,10,10,37,246288.00,91,0,0,0,0,0,0,83,172,28,8
0,0,1,0,4,3,3,361,52,3,28,246288.00,91,0,0,1,1,0,4,80,172,27,8
0,0,1,0,4,4,3,248,25,14,47,246288.00,91,0,0,2,0,0,1,86,165,32,8
1,0,0,0,4,5,3,189,29,13,33,246288.00,91,0,0,2,0,0,2,69,167,25,8
0,0,0,1,4,6,3,179,26,9,30,246288.00,91,0,1,0,0,0,0,56,171,19,2
1,0,0,0,4,2,3,369,17,12,31,246288.00,91,0,0,3,1,0,0,70,169,25,24
0,1,0,0,4,3,3,179,22,17,40,246288.00,91,0,1,2,0,1,0,63,170,22,2
0,0,0,1,4,3,3,118,13,18,50,246288.00,91,0,0,1,1,0,0,98,178,31,3
0,0,0,1,4,3,3,361,52,3,28,246288.00,91,0,0,1,1,0,4,80,172,27,2
1,0,0,0,4,4,3,118,10,10,37,246288.00,91,0,0,0,0,0,0,83,172,28,2
0,0,0,1,4,6,3,235,11,14,37,246288.00,91,0,1,1,0,0,1,88,172,29,8
0,0,0,1,4,6,3,179,26,9,30,246288.00,91,0,1,0,0,0,0,56,171,19,2
0,0,1,0,4,2,3,225,26,9,28,246288.00,91,0,0,1,0,0,2,69,169,24,8
0,1,0,0,4,3,3,235,16,8,32,246288.00,91,0,1,0,0,0,0,75,178,25,3
0,0,0,1,4,6,3,179,26,9,30,246288.00,91,0,1,0,0,0,0,56,171,19,2
0,0,0,1,4,3,3,155,12,14,34,246288.00,91,0,0,2,1,0,0,95,196,25,4
0,0,1,0,4,5,3,225,26,9,28,246288.00,91,0,0,1,0,0,2,69,169,24,8
1,0,0,0,4,5,3,118,13,18,50,246288.00,91,0,0,1,1,0,0,98,178,31,2
0,0,0,1,4,6,3,179,26,9,30,246288.00,91,0,1,0,0,0,0,56,171,19,2
0,0,0,1,5,2,3,235,11,14,37,237656.00,99,0,1,1,0,0,1,88,172,29,8
0,0,1,0,5,4,3,225,15,15,41,237656.00,99,0,1,2,1,0,2,94,182,28,3
0,0,0,1,5,4,3,235,16,8,32,237656.00,99,0,1,0,0,0,0,75,178,25,2
1,0,0,0,5,4,3,118,10,10,37,237656.00,99,0,0,0,0,0,0,83,172,28,3
0,0,0,1,5,4,3,235,20,13,43,237656.00,99,0,0,1,1,0,0,106,167,38,8
1,0,0,0,5,5,3,179,26,9,30,237656.00,99,0,1,0,0,0,0,56,171,19,1
0,0,0,1,5,5,3,291,31,12,40,237656.00,99,0,0,1,1,0,1,73,171,25,2
1,0,0,0,5,5,3,225,15,15,41,237656.00,99,0,1,2,1,0,2,94,182,28,8
0,0,1,0,5,6,3,300,26,13,43,237656.00,99,0,0,2,1,1,1,77,175,25,64
0,0,0,1,5,6,3,225,15,15,41,237656.00,99,0,1,2,1,0,2,94,182,28,8
0,0,0,1,5,6,3,179,26,9,30,237656.00,99,0,1,0,0,0,0,56,171,19,2
0,0,0,1,5,2,3,118,13,18,50,237656.00,99,0,0,1,1,0,0,98,178,31,2
1,0,0,0,5,3,3,118,13,18,50,237656.00,99,0,0,1,1,0,0,98,178,31,3
0,0,0,1,5,3,3,118,10,10,37,237656.00,99,0,0,0,0,0,0,83,172,28,1
0,0,0,0,5,3,3,118,13,18,50,237656.00,99,1,0,1,1,0,0,98,178,31,0
0,0,0,1,5,4,3,179,26,9,30,237656.00,99,0,1,0,0,0,0,56,171,19,2
0,0,0,0,5,4,3,378,49,11,36,237656.00,99,1,0,2,0,1,4,65,174,21,0
0,1,0,0,5,6,3,179,22,17,40,237656.00,99,0,1,2,0,1,0,63,170,22,1
1,0,0,0,5,2,3,155,12,14,34,237656.00,99,0,0,2,1,0,0,95,196,25,48
1,0,0,0,5,2,3,235,16,8,32,237656.00,99,0,1,0,0,0,0,75,178,25,8
0,0,0,1,5,4,3,291,31,12,40,237656.00,99,0,0,1,1,0,1,73,171,25,8
1,0,0,0,5,4,3,179,22,17,40,237656.00,99,0,1,2,0,1,0,63,170,22,8
1,0,0,0,5,4,3,225,26,9,28,237656.00,99,0,0,1,0,0,2,69,169,24,3
1,0,0,0,5,5,3,330,16,4,28,237656.00,99,0,1,0,0,0,0,84,182,25,8
0,0,0,1,5,5,3,235,16,8,32,237656.00,99,0,1,0,0,0,0,75,178,25,2
0,0,0,1,5,5,3,291,31,12,40,237656.00,99,0,0,1,1,0,1,73,171,25,2
0,0,0,1,5,6,3,179,26,9,30,237656.00,99,0,1,0,0,0,0,56,171,19,2
1,0,0,0,5,2,3,361,52,3,28,237656.00,99,0,0,1,1,0,4,80,172,27,8
0,0,0,1,5,4,3,155,12,14,34,237656.00,99,0,0,2,1,0,0,95,196,25,2
0,0,0,1,5,6,3,179,22,17,40,237656.00,99,0,1,2,0,1,0,63,170,22,8
1,0,0,0,5,6,3,155,12,14,34,237656.00,99,0,0,2,1,0,0,95,196,25,8
1,0,0,0,5,2,3,225,26,9,28,237656.00,99,0,0,1,0,0,2,69,169,24,1
1,0,0,0,6,4,3,118,15,24,46,275089.00,96,0,0,2,1,1,0,75,175,25,8
0,0,0,1,6,4,3,179,26,9,30,275089.00,96,0,1,0,0,0,0,56,171,19,3
0,0,0,1,6,6,3,118,10,10,37,275089.00,96,0,0,0,0,0,0,83,172,28,8
1,0,0,0,6,4,3,118,10,10,37,275089.00,96,0,0,0,0,0,0,83,172,28,8
0,0,0,1,6,5,3,378,49,11,36,275089.00,96,0,0,2,0,1,4,65,174,21,8
0,0,1,0,6,5,3,118,13,18,50,275089.00,96,0,0,1,1,0,0,98,178,31,24
0,0,1,0,6,6,3,233,51,1,31,275089.00,96,0,1,1,1,0,8,68,178,21,8
0,0,0,1,6,6,3,179,26,9,30,275089.00,96,0,1,0,0,0,0,56,171,19,2
0,0,0,0,6,2,3,235,29,12,48,275089.00,96,1,0,1,0,1,5,88,163,33,0
0,0,0,0,6,2,3,268,11,8,33,275089.00,96,1,1,0,0,0,0,79,178,25,0
0,0,1,0,6,5,3,118,13,18,50,275089.00,96,0,0,1,1,0,0,98,178,31,3
1,0,0,0,6,5,3,179,26,9,30,275089.00,96,0,1,0,0,0,0,56,171,19,2
0,0,0,1,6,5,3,291,31,12,40,275089.00,96,0,0,1,1,0,1,73,171,25,2
1,0,0,0,6,2,1,179,26,9,30,275089.00,96,0,1,0,0,0,0,56,171,19,3
0,0,0,1,6,2,1,118,10,10,37,275089.00,96,0,0,0,0,0,0,83,172,28,3
0,0,0,1,6,5,1,233,51,1,31,275089.00,96,0,1,1,1,0,8,68,178,21,8
1,0,0,0,6,6,1,118,10,10,37,275089.00,96,0,0,0,0,0,0,83,172,28,2
1,0,0,0,6,4,1,118,10,10,37,275089.00,96,0,0,0,0,0,0,83,172,28,3
0,0,0,1,6,4,1,233,51,1,31,275089.00,96,0,1,1,1,0,8,68,178,21,3
0,0,0,1,7,4,1,235,20,13,43,264604.00,93,0,0,1,1,0,0,106,167,38,4
0,0,1,0,7,6,1,233,51,1,31,264604.00,93,0,1,1,1,0,8,68,178,21,2
1,0,0,0,7,2,1,228,14,16,58,264604.00,93,0,0,2,0,0,1,65,172,22,8
0,0,0,1,7,2,1,118,10,10,37,264604.00,93,0,0,0,0,0,0,83,172,28,4
1,0,0,0,7,3,1,228,14,16,58,264604.00,93,0,0,2,0,0,1,65,172,22,120
0,0,0,1,7,3,1,189,29,13,33,264604.00,93,0,0,2,0,0,2,69,167,25,16
0,0,0,1,7,4,1,118,10,10,37,264604.00,93,0,0,0,0,0,0,83,172,28,2
0,0,0,1,7,4,1,361,52,3,28,264604.00,93,0,0,1,1,0,4,80,172,27,8
0,0,0,1,7,4,1,225,26,9,28,264604.00,93,0,0,1,0,0,2,69,169,24,8
1,0,0,0,7,2,1,369,17,12,31,264604.00,93,0,0,3,1,0,0,70,169,25,80
1,0,0,0,7,3,1,289,36,13,33,264604.00,93,0,0,2,1,0,1,90,172,30,8
1,0,0,0,7,3,1,235,11,14,37,264604.00,93,0,1,1,0,0,1,88,172,29,4
0,0,0,0,0,3,1,118,14,13,40,271219.00,95,0,0,1,1,0,8,98,170,34,0
0,0,0,0,0,4,2,231,35,14,39,271219.00,95,0,0,2,1,0,2,100,170,35,0
0,0,0,0,0,6,3,179,45,14,53,271219.00,95,0,0,1,0,0,1,77,175,25,0
